{
  "R": 12706.800849489156,
  "G": 12318.582255944739,
  "B": 16421.12831430539,
  "W": 21369.550043643874
}