{
  "45.0": 896.3460756381899,
  "135.0": 728.7016584648849,
  "-45.0": 728.7016584648835,
  "-135.0": 896.3460756381895
}