{
  "R": 15018.825893057316,
  "G": 12287.173622245513,
  "B": 10456.944477476001,
  "W": 19762.910165707282
}