{
  "45.0": 909.7076398305519,
  "135.0": 716.6139101626696,
  "-45.0": 716.6139101626675,
  "-135.0": 909.7076398305512
}