{
  "CR": 893.6242506547042,
  "A_scale": 0.75,
  "ReC_nm": 80.0,
  "A_base_deg": 90.0,
  "A_kind": "upper",
  "stack": [
    {
      "type": "LC",
      "axis": [
        0.9999904807207345,
        0.004363309284746571,
        0.0
      ],
      "d": 3.1e-06,
      "no": 1.5,
      "ne": 1.6
    },
    {
      "type": "A",
      "axis": [
        -0.0043633092847465095,
        0.9999904807207345,
        0.0
      ],
      "d": 8.186619718309859e-05,
      "no": 1.5,
      "ne": 1.50142
    },
    {
      "type": "C",
      "axis": [
        0,
        0,
        1
      ],
      "d": 6.639555149804963e-07,
      "no": 1.5,
      "ne": 1.62049
    }
  ]
}