label,S0_sum,s1,s2,s3
POL_in,3.0,1.0,0.0,0.0
el#0_LC,3.000000000000001,0.9998797196084066,0.013916922892227901,-0.0032946179912229073
el#1_A,3.000000000000002,0.9307909890766848,0.24101564269801165,-0.26151507951587816
el#2_C,3.0000000000000027,0.9654399940947304,0.24601679579159189,-0.015086054430914892
