case,"LC_only CR(30,45)","best CR(30,45)",improve vs LC,best A_scale,best ReC_nm,best A_base_deg,best A_kind,"LC_only CR(70,45)","best CR(70,45)",LC_only CR00,best CR00,LC_only global minCR,best global minCR,LC_only global p5CR,best global p5CR
LC/A/C (abs),107.88587165473055,909.7076398305525,8.432129489039205,0.75,85.0,90.0,upper,3.2210865280330143,4.560045038215578,19752.167753316917,19762.910165707213,5.474328956138388,16.999839718256226,8.087409249627367,25.24714565404348
